ID;Age;Sexe;Situation professionnelle avant le confinement;Useless Column;Useless Column;cognitive_rigidity_1;cognitive_rigidity_2;cognitive_rigidity_3;cognitive_rigidity_4;att_switch_1;att_switch_2;att_switch_3;att_switch_4;att_switch_5;att_switch_6;att_switch_7;att_switch_8;att_switch_9;att_switch_10;nflex_1;nflex_2;nflex_3;nflex_4;nflex_5;nflex_6;nflex_7;nflex_8;nflex_9;nflex_10;cfs_1;cfs_2;cfs_3;cfs_4;cfs_5;cfs_6;cfs_7;cfs_8;cfs_9;cfs_10;cfs_11;cfs_12;Error countNombre_error_count;Pourcentage_error_count;Nombre_perseveration_error_count;Pourcentage_perseveration_error_count;Nombre_non_perseveration_error_count;Pourcentage_non_perseveration_error_count
1;23;Femme;Etudiant;;;6;2;5;6;4;4;4;4;2;2;4;3;4;3;5;3;4;4;5;4;4;6;3;6;6;4;5;4;5;6;4;5;5;2;6;4;#N/A;#N/A;#N/A;#N/A;#N/A;#N/A
2;22;Homme;Travailleur;;;3;3;1;5;2;2;3;2;3;3;4;3;2;1;5;6;2;5;6;6;5;5;4;5;6;1;1;3;2;4;4;3;4;1;6;6;10;17;7;12;3;5
3;26;Homme;Etudiant;;;3;4;3;3;3;3;2;3;2;2;2;3;3;2;4;5;3;4;5;5;4;4;3;4;4;3;2;4;4;6;4;3;4;3;5;4;#N/A;#N/A;#N/A;#N/A;#N/A;#N/A
4;21;Homme;Etudiant;;;2;3;5;4;3;2;2;1;4;1;3;4;1;1;4;4;1;4;3;4;2;4;2;4;6;1;2;4;1;5;4;3;3;1;5;6;#N/A;#N/A;#N/A;#N/A;#N/A;#N/A
5;21;Femme;Etudiant;;;5;3;3;5;4;2;4;2;4;3;3;4;3;2;6;6;3;5;3;5;4;5;5;6;5;3;1;6;3;5;6;5;5;3;6;6;#N/A;#N/A;#N/A;#N/A;#N/A;#N/A
6;22;Homme;Etudiant;;;3;4;3;3;2;1;1;2;2;3;2;2;2;3;4;4;3;4;5;3;4;4;4;5;4;3;3;4;3;4;5;5;3;3;4;3;8;13;5;8;3;5
7;21;Femme;Etudiant;;;4;4;3;4;2;2;2;3;3;2;4;2;3;2;4;4;4;3;5;6;3;2;2;3;4;3;3;4;4;5;5;5;3;3;5;5;10;17;6;10;4;7
8;21;Femme;Etudiant;;;3;5;3;3;4;3;3;4;1;2;2;1;2;3;6;4;5;5;2;3;2;4;1;3;4;3;3;6;2;6;3;4;4;2;3;5;#N/A;#N/A;#N/A;#N/A;#N/A;#N/A
9;20;Femme;Etudiant;;;1;6;1;2;4;4;4;3;2;3;3;2;1;3;6;4;6;6;4;2;1;6;1;6;5;3;4;3;3;6;5;1;6;3;6;2;#N/A;#N/A;#N/A;#N/A;#N/A;#N/A
10;23;Femme;Etudiant;;;5;3;4;3;4;3;3;3;4;2;4;3;3;1;6;4;4;5;1;6;2;5;2;5;6;1;5;4;4;6;4;3;4;2;6;3;#N/A;#N/A;#N/A;#N/A;#N/A;#N/A
11;29;Homme;Travailleur;;;2;6;2;3;3;2;3;2;4;2;4;4;3;2;6;6;5;5;4;6;2;5;3;4;5;2;2;4;3;5;6;6;5;3;6;4;#N/A;#N/A;#N/A;#N/A;#N/A;#N/A
12;22;Femme;Etudiant;;;3;2;4;4;4;3;4;3;1;2;3;3;4;2;6;5;4;4;4;6;3;4;4;3;6;1;1;4;1;6;6;6;4;3;6;4;#N/A;#N/A;#N/A;#N/A;#N/A;#N/A
13;20;Femme;Etudiant;;;2;2;4;4;4;3;4;4;4;3;3;3;2;2;4;4;2;3;1;5;4;5;5;4;4;2;1;4;2;5;5;4;4;2;4;5;#N/A;#N/A;#N/A;#N/A;#N/A;#N/A
14;23;Femme;Travailleur;;;4;4;3;6;4;3;4;2;1;3;2;3;4;4;3;6;6;4;4;5;4;6;4;6;6;4;5;4;6;4;5;6;5;2;6;3;#N/A;#N/A;#N/A;#N/A;#N/A;#N/A
15;22;Femme;Etudiant;;;4;4;3;3;1;2;3;2;4;3;3;2;3;3;3;4;4;4;4;3;4;3;3;4;6;3;3;4;3;5;4;4;4;3;5;4;8;13;8;13;0;0
16;24;Femme;Etudiant;;;2;4;2;3;3;3;3;4;4;2;4;2;4;3;5;4;4;4;5;5;3;5;2;6;4;1;1;4;1;4;3;3;4;3;4;4;#N/A;#N/A;#N/A;#N/A;#N/A;#N/A
17;24;Homme;Travailleur;;;2;2;2;5;3;2;3;3;3;3;3;4;3;2;4;6;4;4;6;6;4;4;4;5;5;3;5;5;3;2;5;6;6;1;6;5;#N/A;#N/A;#N/A;#N/A;#N/A;#N/A
18;22;Femme;Etudiant;;;4;3;4;4;3;3;3;4;3;3;3;3;2;3;5;3;3;4;4;4;4;5;3;4;5;3;4;4;3;4;3;3;5;4;4;4;#N/A;#N/A;#N/A;#N/A;#N/A;#N/A
19;25;Femme;Etudiant;;;6;4;4;4;1;2;1;4;2;3;3;3;3;4;3;4;4;4;6;5;5;3;4;6;3;4;3;3;5;3;5;4;6;6;6;2;#N/A;#N/A;#N/A;#N/A;#N/A;#N/A
20;23;Femme;Etudiant;;;4;6;2;4;3;4;3;1;4;2;4;3;3;2;4;5;3;4;5;5;2;6;2;6;5;5;6;4;4;5;4;3;6;2;5;1;9;15;8;13;1;2
21;23;Femme;Etudiant;;;4;3;4;2;3;2;4;3;4;3;4;4;3;2;4;4;3;4;4;4;2;4;2;4;5;1;2;4;1;6;4;4;4;2;6;4;#N/A;#N/A;#N/A;#N/A;#N/A;#N/A
22;23;Femme;Etudiant;;;3;3;5;4;3;2;2;2;2;3;2;2;1;3;4;4;3;3;3;3;3;4;4;4;3;4;3;3;3;4;4;3;4;3;4;3;14;23;9;15;5;18
23;61;Homme;Sans emploi;;;4;3;3;4;3;2;3;2;3;3;3;4;3;2;4;3;2;4;3;4;4;3;3;3;4;4;1;5;1;5;5;5;6;2;6;6;16;27;11;18;5;8
24;22;Femme;Etudiant;;;6;4;2;5;3;2;4;2;2;3;3;3;4;2;6;5;4;5;3;2;3;3;4;5;5;2;1;4;3;4;5;4;5;2;6;3;14;10;4;23;17;7
25;33;Homme;Travailleur;;;2;4;4;4;1;4;2;3;4;3;3;2;2;2;1;5;3;4;6;5;3;5;5;4;5;3;2;5;4;5;5;4;4;2;5;4;10;17;7;12;3;5
26;43;Femme;Travailleur;;;3;3;3;4;3;3;4;3;3;4;4;4;2;3;4;4;4;4;4;4;4;4;3;4;6;2;3;4;2;6;5;4;4;3;6;5;#N/A;#N/A;#N/A;#N/A;#N/A;#N/A
32;22;Femme;Travailleur;;;2;4;2;5;3;2;4;4;4;3;1;3;3;3;4;4;2;4;4;5;4;6;3;4;6;4;2;5;2;5;3;5;4;6;2;2;#N/A;#N/A;#N/A;#N/A;#N/A;#N/A
33;20;Femme;Etudiant;;;4;3;5;6;1;2;3;2;1;3;2;3;4;4;3;4;4;4;6;3;5;5;5;4;6;6;2;4;3;3;4;4;4;3;5;1;11;18;7;12;4;7
34;25;Femme;Etudiant;;;4;3;3;4;3;2;3;2;3;3;2;4;4;3;4;5;3;4;4;5;4;4;4;5;6;1;2;5;1;6;5;3;4;2;5;3;#N/A;#N/A;#N/A;#N/A;#N/A;#N/A
35;23;Femme;Etudiant;;;4;5;1;3;4;1;3;3;2;2;4;4;4;4;6;4;4;4;2;6;4;2;3;6;6;2;4;2;3;2;5;5;4;4;6;3;8;13;6;10;2;3
36;22;Femme;Etudiant;;;4;4;3;4;4;3;4;4;3;3;2;3;4;4;5;5;2;4;2;3;4;3;4;5;5;4;5;3;4;4;4;5;5;2;6;3;#N/A;#N/A;#N/A;#N/A;#N/A;#N/A
37;51;Femme;Sans emploi;;;3;3;4;4;3;1;3;3;3;3;3;4;3;4;5;4;2;5;4;4;4;3;3;3;4;3;2;3;2;5;4;4;3;2;5;4;10;17;7;12;3;5
38;20;Femme;Etudiant;;;3;6;1;4;4;3;3;3;3;2;2;2;2;3;5;4;6;4;3;5;2;3;2;4;5;3;6;3;2;5;4;4;5;2;5;5;9;15;5;8;4;7
39;22;Femme;Travailleur;;;3;4;3;4;3;2;3;4;3;3;4;3;4;3;4;5;4;6;4;6;2;4;3;6;4;3;4;3;3;5;5;3;4;4;4;3;#N/A;#N/A;#N/A;#N/A;#N/A;#N/A
40;22;Femme;Etudiant;;;3;4;3;3;1;3;2;3;3;3;3;2;2;2;3;4;4;5;4;4;4;4;3;5;4;2;5;4;3;5;4;4;5;3;5;4;8;13;5;8;3;5
41;23;Homme;Travailleur;;;4;3;4;4;2;2;3;3;1;3;3;3;4;3;4;6;3;4;4;3;5;5;4;5;5;3;2;4;3;6;5;6;4;2;2;3;#N/A;#N/A;#N/A;#N/A;#N/A;#N/A
42;20;Femme;Etudiant;;;2;6;2;4;3;3;4;4;3;2;3;3;2;3;4;4;3;5;3;4;2;4;3;5;4;3;5;3;2;4;3;2;2;4;4;1;#N/A;#N/A;#N/A;#N/A;#N/A;#N/A
43;20;Femme;Etudiant;;;2;3;2;3;3;2;4;2;3;3;2;4;3;2;4;5;4;5;5;6;2;4;1;3;3;3;3;3;2;4;5;6;4;4;6;5;9;15;6;10;3;5
44;20;Femme;Etudiant;;;2;5;2;2;3;3;4;2;3;3;2;3;3;3;5;4;2;5;4;5;5;4;3;3;3;5;4;3;4;2;2;4;4;4;5;4;#N/A;#N/A;#N/A;#N/A;#N/A;#N/A
45;24;Femme;Etudiant;;;6;5;3;3;3;2;4;4;2;3;3;2;2;2;5;5;5;5;5;2;6;5;6;6;4;4;3;5;4;4;6;5;5;4;4;3;#N/A;#N/A;#N/A;#N/A;#N/A;#N/A
46;23;Homme;Etudiant;;;6;3;5;6;2;3;4;2;3;3;4;4;3;2;3;4;3;4;6;4;4;6;5;6;6;2;3;5;2;5;5;5;5;1;5;2;5;8;5;8;0;0
47;22;Femme;Etudiant;;;3;5;3;4;3;3;3;3;3;2;3;3;2;3;4;5;4;5;6;4;3;6;3;5;5;3;2;4;3;5;4;5;4;4;6;4;8;13;5;8;3;5
48;20;Femme;Etudiant;;;4;5;2;4;4;2;3;2;3;3;3;1;2;4;6;5;6;3;3;2;5;4;1;6;4;5;6;5;6;6;5;5;5;5;6;5;#N/A;#N/A;#N/A;#N/A;#N/A;#N/A
49;21;Femme;Etudiant;;;2;4;3;4;3;3;3;3;4;2;4;2;1;2;3;4;6;5;5;4;2;3;1;5;5;3;4;4;1;4;5;3;5;4;4;4;#N/A;#N/A;#N/A;#N/A;#N/A;#N/A
50;23;Femme;Etudiant;;;1;4;3;6;4;4;2;2;1;4;4;4;3;4;5;4;6;4;6;3;4;4;5;6;6;5;5;4;2;4;6;6;6;3;6;5;#N/A;#N/A;#N/A;#N/A;#N/A;#N/A
51;22;Homme;Etudiant;;;6;3;4;2;3;3;4;3;2;3;4;2;4;3;4;3;5;4;3;3;4;6;4;5;3;3;2;6;3;6;5;5;4;3;3;4;#N/A;#N/A;#N/A;#N/A;#N/A;#N/A
52;23;Femme;Travailleur;;;2;4;2;2;3;3;2;2;1;3;3;3;3;3;5;5;4;4;5;3;4;4;2;5;5;5;5;3;3;5;5;4;4;6;6;5;#N/A;#N/A;#N/A;#N/A;#N/A;#N/A
53;22;Femme;Etudiant;;;3;4;3;4;3;2;3;2;3;3;3;2;3;3;3;4;4;3;4;3;4;4;3;3;2;2;3;4;3;4;4;4;3;3;4;3;7;12;5;8;2;3
54;20;Femme;Etudiant;;;2;4;5;3;3;2;3;2;2;3;3;3;3;4;5;5;4;4;4;2;4;4;3;4;4;5;2;4;2;3;4;5;3;4;5;1;#N/A;#N/A;#N/A;#N/A;#N/A;#N/A
55;48;Homme;Travailleur;;;4;2;3;4;2;3;2;2;2;3;3;2;3;3;5;4;3;3;4;3;4;3;4;3;4;4;1;3;4;3;3;4;3;2;5;4;9;15;5;8;4;7
56;21;Homme;Etudiant;;;5;4;4;4;2;4;1;4;1;3;3;3;4;4;4;5;3;3;5;5;3;6;2;6;4;4;4;5;3;4;4;4;3;1;6;3;5;8;5;8;0;0
57;22;Homme;Etudiant;;;6;4;6;5;3;3;3;3;3;2;4;3;1;1;6;5;5;5;5;6;2;6;3;6;5;1;1;4;2;5;4;4;5;1;6;6;#N/A;#N/A;#N/A;#N/A;#N/A;#N/A
58;25;Homme;Etudiant;;;5;1;5;6;4;1;4;3;1;3;2;4;3;4;6;6;2;6;2;3;4;3;5;6;6;6;1;6;4;6;6;6;6;1;6;6;#N/A;#N/A;#N/A;#N/A;#N/A;#N/A
59;60;Homme;Sans emploi;;;5;4;5;4;2;3;2;4;3;3;2;3;4;4;4;4;4;5;3;4;3;4;2;5;5;5;2;5;3;4;3;3;4;2;4;3;#N/A;#N/A;#N/A;#N/A;#N/A;#N/A
61;23;Femme;Travailleur;;;5;4;4;4;3;2;3;2;4;1;4;3;2;1;6;5;5;4;3;5;4;3;3;6;6;2;1;5;1;4;4;3;4;1;6;4;#N/A;#N/A;#N/A;#N/A;#N/A;#N/A
62;22;Femme;Etudiant;;;2;5;2;2;3;4;4;2;4;3;3;4;3;2;4;5;3;6;5;6;4;4;4;6;4;1;2;4;1;6;4;5;5;3;6;4;#N/A;#N/A;#N/A;#N/A;#N/A;#N/A
65;22;Femme;Etudiant;;;3;4;3;3;3;4;4;4;3;3;3;3;4;3;5;4;4;4;4;5;5;5;3;4;5;3;4;3;3;4;4;4;4;2;5;5;#N/A;#N/A;#N/A;#N/A;#N/A;#N/A
66;25;Homme;Etudiant;;;5;3;4;4;4;4;3;1;3;3;4;4;4;2;6;6;3;4;4;6;1;5;5;6;6;2;2;6;1;6;6;6;6;2;6;6;#N/A;#N/A;#N/A;#N/A;#N/A;#N/A
67;53;Homme;Travailleur;;;5;2;5;4;3;2;3;2;2;4;4;3;4;2;5;5;4;4;4;5;6;5;2;4;3;4;2;5;3;5;5;4;4;3;5;4;18;30;14;23;4;7
68;21;Femme;Etudiant;;;4;3;4;4;3;2;4;4;4;2;3;2;3;2;3;4;5;3;5;6;4;6;1;4;5;3;2;3;4;4;4;3;3;4;6;3;#N/A;#N/A;#N/A;#N/A;#N/A;#N/A
69;22;Femme;Etudiant;;;3;5;2;2;2;3;4;4;3;2;1;2;3;3;4;2;3;5;6;5;5;2;2;5;3;2;5;5;2;6;5;4;6;1;4;5;#N/A;#N/A;#N/A;#N/A;#N/A;#N/A
70;22;Homme;Etudiant;;;4;3;3;4;3;2;4;3;3;2;4;3;4;2;3;4;2;4;3;4;2;4;2;4;4;2;2;4;3;3;3;2;4;1;4;3;20;33;12;20;8;13
71;28;Femme;Travailleur;;;4;3;4;4;3;3;3;3;4;3;3;3;3;2;5;5;3;6;4;5;3;4;3;4;5;3;2;4;2;6;4;4;4;2;5;4;#N/A;#N/A;#N/A;#N/A;#N/A;#N/A
72;29;Homme;Sans emploi;;;2;3;4;4;3;3;3;3;3;3;4;4;3;3;5;5;3;5;3;3;5;3;5;5;5;3;2;4;3;6;3;3;4;3;6;5;#N/A;#N/A;#N/A;#N/A;#N/A;#N/A
73;22;Homme;Etudiant;;;4;3;4;4;3;3;3;4;3;2;4;2;1;2;5;4;4;3;4;6;2;6;2;4;5;3;2;4;2;6;4;2;2;2;5;3;#N/A;#N/A;#N/A;#N/A;#N/A;#N/A
74;35;Femme;Travailleur;;;4;4;4;3;3;3;3;3;3;3;2;3;4;3;5;4;4;5;4;4;5;3;3;4;6;4;4;4;2;3;3;4;4;4;4;2;#N/A;#N/A;#N/A;#N/A;#N/A;#N/A
75;21;Femme;Etudiant;;;1;2;4;4;4;2;3;4;4;2;4;3;2;2;6;6;4;6;2;4;5;6;3;6;6;1;2;6;1;6;6;4;6;2;6;6;#N/A;#N/A;#N/A;#N/A;#N/A;#N/A
76;23;Femme;Etudiant;;;3;3;3;4;3;3;3;3;3;2;4;3;2;2;4;4;3;3;3;4;3;4;3;4;5;2;2;4;2;4;4;4;4;2;4;4;#N/A;#N/A;#N/A;#N/A;#N/A;#N/A
77;31;Femme;Travailleur;;;3;4;2;3;3;4;3;4;2;2;2;3;4;3;4;4;4;4;3;4;2;4;1;4;4;4;4;4;3;4;4;4;4;3;4;3;#N/A;#N/A;#N/A;#N/A;#N/A;#N/A
78;22;Femme;Travailleur;;;5;3;4;4;3;2;3;4;3;2;3;3;2;1;4;4;3;4;6;5;3;4;4;4;5;1;2;2;4;4;4;4;3;3;6;3;#N/A;#N/A;#N/A;#N/A;#N/A;#N/A
79;22;Femme;Etudiant;;;3;6;5;1;2;2;3;1;2;4;1;1;3;3;5;4;6;5;6;3;4;6;4;6;4;4;1;5;3;5;5;3;4;5;6;3;8;13;6;10;2;3
80;26;Femme;Travailleur;;;3;2;4;4;3;3;2;2;4;3;3;4;3;3;5;4;3;5;2;6;6;3;3;1;4;3;2;2;3;4;3;3;4;4;3;2;#N/A;#N/A;#N/A;#N/A;#N/A;#N/A
81;24;Homme;Travailleur;;;3;3;5;3;1;4;3;4;3;3;4;3;3;3;3;4;5;4;6;5;5;5;6;5;5;1;2;5;4;4;5;5;4;3;6;5;27;45;18;30;9;15
82;22;Femme;Etudiant;;;4;3;4;4;3;3;4;4;2;3;3;3;4;4;5;5;2;5;3;6;6;5;4;5;4;4;4;4;4;6;3;3;3;4;4;1;#N/A;#N/A;#N/A;#N/A;#N/A;#N/A
83;22;Femme;Etudiant;;;4;4;3;3;3;2;2;1;2;3;4;2;4;3;4;3;4;5;3;3;5;4;4;2;4;2;3;2;3;3;4;3;4;4;4;3;#N/A;#N/A;#N/A;#N/A;#N/A;#N/A
84;51;Femme;Travailleur;;;3;4;3;4;3;3;3;3;3;2;3;3;3;3;4;4;4;4;4;4;3;4;3;4;4;2;2;3;3;5;4;4;4;3;6;4;#N/A;#N/A;#N/A;#N/A;#N/A;#N/A
85;28;Femme;Travailleur;;;4;3;4;3;3;3;3;4;1;1;4;4;1;3;4;4;1;5;3;4;4;4;3;5;4;4;4;4;4;4;3;3;4;3;4;3;#N/A;#N/A;#N/A;#N/A;#N/A;#N/A
86;40;Femme;Travailleur;;;3;4;4;4;2;3;1;3;3;3;4;3;1;3;4;3;3;3;6;3;4;4;4;4;6;2;1;2;2;6;4;4;3;3;6;4;#N/A;#N/A;#N/A;#N/A;#N/A;#N/A
87;24;Homme;Etudiant;;;6;2;5;5;4;2;4;4;4;2;4;3;4;2;6;6;4;6;2;6;1;6;1;6;6;2;1;6;1;6;6;6;6;2;6;6;#N/A;#N/A;#N/A;#N/A;#N/A;#N/A
88;25;Femme;Etudiant;;;6;3;5;4;3;2;4;3;4;2;3;4;3;3;5;5;1;4;3;4;3;4;3;4;5;3;1;4;1;6;4;4;6;3;4;3;#N/A;#N/A;#N/A;#N/A;#N/A;#N/A
89;20;Femme;Etudiant;;;3;2;4;4;3;2;3;4;2;3;2;3;4;3;3;4;3;4;4;3;3;5;3;5;4;3;3;4;2;4;4;4;3;2;6;4;#N/A;#N/A;#N/A;#N/A;#N/A;#N/A
90;23;Femme;Travailleur;;;3;4;4;4;3;4;3;3;2;3;3;4;4;2;4;4;4;5;4;5;5;5;2;2;4;3;3;5;3;3;5;5;4;3;5;5;#N/A;#N/A;#N/A;#N/A;#N/A;#N/A
94;22;Femme;Etudiant;;;3;5;3;4;1;4;1;2;2;4;3;3;3;4;2;3;6;1;4;3;5;3;2;4;4;5;4;2;3;3;2;3;5;6;3;1;#N/A;#N/A;#N/A;#N/A;#N/A;#N/A
95;25;Femme;Travailleur;;;5;4;3;4;4;2;4;4;2;2;3;3;3;4;5;5;3;5;3;4;4;3;3;4;5;3;5;3;4;6;4;3;4;5;6;3;10;17;8;13;2;3
96;26;Femme;Travailleur;;;5;4;2;4;2;3;2;3;2;3;2;3;4;3;5;4;3;4;5;3;4;5;3;4;6;3;5;5;1;6;5;5;5;2;6;2;#N/A;#N/A;#N/A;#N/A;#N/A;#N/A
97;23;Femme;Etudiant;;;4;5;1;2;4;4;4;3;4;3;4;4;2;2;5;4;2;5;3;5;1;3;2;6;6;1;1;4;1;6;4;4;5;1;6;4;#N/A;#N/A;#N/A;#N/A;#N/A;#N/A
98;23;Homme;Sans emploi;;;5;2;5;5;3;3;2;2;3;3;2;3;4;3;5;5;3;5;3;3;4;4;3;4;4;3;3;4;2;4;4;4;3;3;5;4;#N/A;#N/A;#N/A;#N/A;#N/A;#N/A
99;25;Femme;Sans emploi;;;3;4;3;3;2;2;3;3;3;3;2;3;3;4;4;3;5;4;4;4;3;3;1;6;4;3;4;4;3;4;2;3;4;4;4;3;#N/A;#N/A;#N/A;#N/A;#N/A;#N/A
100;26;Femme;Travailleur;;;4;3;3;4;4;3;3;3;4;4;4;4;4;4;6;5;5;4;2;3;5;5;6;6;6;5;4;4;2;5;6;6;6;2;6;4;#N/A;#N/A;#N/A;#N/A;#N/A;#N/A
101;27;Homme;Etudiant;;;1;3;4;5;2;2;3;2;3;2;4;3;2;2;4;4;4;4;5;4;3;5;3;5;4;3;3;4;1;5;4;4;5;3;5;5;6;10;5;8;1;2
102;22;Femme;Etudiant;;;4;5;3;3;4;3;3;3;4;2;2;3;2;2;5;4;4;4;4;6;3;4;1;4;4;3;4;4;4;4;5;3;4;5;4;2;#N/A;#N/A;#N/A;#N/A;#N/A;#N/A
103;26;Femme;Travailleur;;;4;3;3;4;2;4;1;4;2;3;3;3;3;4;2;2;6;2;5;3;6;2;5;6;5;4;1;5;3;5;4;4;4;4;5;5;#N/A;#N/A;#N/A;#N/A;#N/A;#N/A
104;46;Femme;Travailleur;;;4;4;3;4;3;2;3;2;1;3;3;4;3;3;4;4;4;4;4;6;3;3;2;3;5;2;3;4;1;5;4;6;4;3;3;4;#N/A;#N/A;#N/A;#N/A;#N/A;#N/A
106;23;Femme;Etudiant;;;4;2;4;4;3;3;3;4;2;3;3;3;2;3;5;4;3;4;3;4;2;3;2;4;4;3;3;4;2;4;4;4;3;2;5;3;#N/A;#N/A;#N/A;#N/A;#N/A;#N/A
108;22;Femme;Etudiant;;;2;4;3;3;4;1;4;2;3;3;1;4;3;2;5;5;1;6;2;5;1;3;1;5;5;3;5;4;2;2;6;6;6;2;4;2;7;12;5;8;2;3
109;24;Femme;Etudiant;;;1;4;2;5;3;3;3;4;2;2;3;3;2;3;4;4;2;4;4;4;5;3;3;4;4;4;4;4;2;4;4;4;4;3;5;2;#N/A;#N/A;#N/A;#N/A;#N/A;#N/A
110;24;Femme;Etudiant;;;4;3;4;4;4;2;3;2;3;3;2;4;3;1;5;4;2;6;2;6;2;4;2;4;4;1;2;4;4;4;4;4;3;1;5;3;#N/A;#N/A;#N/A;#N/A;#N/A;#N/A
111;24;Femme;Etudiant;;;2;4;2;3;1;3;1;2;4;2;3;2;3;1;1;3;5;3;6;5;5;4;5;5;4;1;4;4;4;4;4;5;3;4;4;4;12;20;9;15;3;5
112;55;Femme;Travailleur;;;3;1;3;4;4;3;3;3;4;3;3;4;3;2;6;5;5;5;3;5;4;1;2;3;4;2;2;4;2;4;6;6;4;2;6;4;#N/A;#N/A;#N/A;#N/A;#N/A;#N/A
113;23;Homme;Etudiant;;;5;5;3;2;3;3;3;4;3;3;3;3;4;1;5;5;2;3;5;5;5;5;6;6;6;5;2;4;2;5;6;4;6;2;6;6;#N/A;#N/A;#N/A;#N/A;#N/A;#N/A
114;73;Homme;Sans emploi;;;1;3;1;4;2;4;1;3;3;3;1;2;3;1;1;4;2;2;6;4;4;6;3;5;4;1;1;6;5;3;4;3;4;2;6;5;#N/A;#N/A;#N/A;#N/A;#N/A;#N/A
115;22;Femme;Etudiant;;;3;4;4;2;3;3;2;2;3;2;3;3;2;3;4;4;3;4;5;4;3;5;4;4;3;2;2;3;2;3;5;4;4;3;4;4;#N/A;#N/A;#N/A;#N/A;#N/A;#N/A
116;23;Homme;Travailleur;;;2;3;2;4;3;2;4;1;4;3;4;3;2;1;4;5;2;6;5;5;2;6;1;6;6;1;1;6;1;6;6;6;5;1;6;6;#N/A;#N/A;#N/A;#N/A;#N/A;#N/A
117;20;Femme;Etudiant;;;4;3;4;5;2;3;2;4;1;2;3;3;3;4;3;2;4;3;5;4;3;3;4;5;5;4;4;4;2;4;4;4;5;4;4;4;8;13;6;10;2;3
118;20;Homme;Etudiant;;;4;3;3;5;2;2;3;4;4;3;4;3;2;1;4;5;3;5;4;6;3;5;2;4;5;1;5;5;2;5;4;3;6;4;5;4;#N/A;#N/A;#N/A;#N/A;#N/A;#N/A
119;21;Femme;Etudiant;;;3;3;3;4;3;3;3;3;1;3;3;2;4;3;5;5;4;5;5;3;4;3;4;5;5;4;3;2;2;4;4;4;4;4;5;5;6;10;5;8;1;2
120;22;Femme;Etudiant;;;2;4;2;4;4;2;3;2;4;2;4;4;2;2;6;5;3;4;3;6;1;6;1;6;6;1;3;4;2;5;5;4;4;1;6;4;8;13;6;10;2;3
125;21;Femme;Etudiant;;;3;5;2;4;3;2;3;2;3;3;3;3;4;3;4;6;4;6;4;5;3;4;3;4;5;3;4;5;2;5;4;4;4;2;6;4;#N/A;#N/A;#N/A;#N/A;#N/A;#N/A
126;53;Femme;Sans emploi;;;3;3;3;5;3;2;3;3;3;3;4;3;3;3;6;6;2;6;5;6;3;5;2;4;4;3;1;6;2;6;5;4;3;2;5;6;#N/A;#N/A;#N/A;#N/A;#N/A;#N/A
127;21;Homme;Etudiant;;;2;5;2;3;2;3;4;2;3;2;4;2;2;1;3;3;5;6;5;2;6;5;5;6;6;1;1;5;1;6;4;3;6;5;6;4;#N/A;#N/A;#N/A;#N/A;#N/A;#N/A
128;21;Femme;Etudiant;;;2;4;3;4;1;4;3;3;2;3;3;2;3;3;2;4;4;4;5;2;5;5;5;2;4;5;6;2;6;4;4;3;3;4;5;3;8;13;6;10;2;3
129;53;Femme;Travailleur;;;3;1;2;2;3;1;3;3;3;2;3;3;2;1;3;3;3;3;3;3;1;3;3;3;3;1;1;1;3;3;3;3;3;3;3;3;#N/A;#N/A;#N/A;#N/A;#N/A;#N/A
130;21;Homme;Travailleur;;;5;4;4;4;3;4;4;2;4;3;3;3;3;3;3;5;3;5;5;5;3;5;5;5;5;2;2;3;2;5;4;4;5;2;6;4;#N/A;#N/A;#N/A;#N/A;#N/A;#N/A
131;21;Femme;Etudiant;;;2;5;1;4;3;1;2;1;4;3;4;2;1;3;4;4;4;6;6;5;3;4;3;5;4;2;2;2;1;4;4;4;4;1;6;3;#N/A;#N/A;#N/A;#N/A;#N/A;#N/A
133;19;Homme;Etudiant;;;3;4;5;3;3;4;2;3;2;3;4;3;4;1;4;3;5;4;3;3;4;3;5;5;5;1;6;4;2;6;4;2;4;2;4;5;#N/A;#N/A;#N/A;#N/A;#N/A;#N/A
134;44;Femme;Travailleur;;;4;2;4;5;3;2;3;1;4;2;3;3;2;1;6;5;1;6;2;5;2;5;1;3;4;1;2;4;2;6;4;4;3;2;4;4;#N/A;#N/A;#N/A;#N/A;#N/A;#N/A
135;22;Femme;Etudiant;;;4;5;4;5;3;4;3;3;3;1;4;3;3;2;5;6;5;5;6;3;2;5;2;5;5;5;3;5;4;5;5;3;4;3;5;5;#N/A;#N/A;#N/A;#N/A;#N/A;#N/A
136;32;Femme;Travailleur;;;4;3;3;5;4;2;4;3;3;2;3;4;3;2;6;6;1;6;1;6;1;6;1;4;6;2;1;5;1;6;5;4;5;1;6;4;#N/A;#N/A;#N/A;#N/A;#N/A;#N/A
137;59;Homme;Travailleur;;;3;3;3;4;3;3;2;3;2;2;3;3;3;2;4;4;3;5;5;5;2;5;4;4;4;3;2;5;3;4;4;4;4;2;4;4;6;10;5;8;1;2
138;53;Femme;Sans emploi;;;2;2;3;4;4;4;4;1;4;2;4;4;3;3;6;6;1;6;1;6;1;6;2;5;5;2;2;6;2;4;4;6;6;5;6;5;#N/A;#N/A;#N/A;#N/A;#N/A;#N/A
139;18;Femme;Etudiant;;;4;4;3;4;2;4;3;4;2;3;3;3;1;3;3;4;5;6;4;3;5;5;4;5;5;4;4;4;3;4;4;4;4;4;4;3;16;27;11;18;5;8
140;44;Femme;Travailleur;;;3;3;3;3;2;2;3;2;3;2;3;4;3;3;3;5;2;6;3;4;2;4;3;5;6;3;2;4;2;4;3;3;4;3;5;4;11;18;8;13;3;5
141;50;Femme;Travailleur;;;5;2;4;4;4;3;3;3;4;1;4;4;2;2;5;4;3;4;3;6;3;4;3;4;6;1;1;5;2;6;5;5;4;3;6;5;#N/A;#N/A;#N/A;#N/A;#N/A;#N/A
142;56;Femme;Travailleur;;;5;2;2;4;2;1;3;3;3;1;3;2;2;1;6;5;2;5;2;5;2;5;2;4;4;2;2;5;2;5;5;5;4;5;5;4;#N/A;#N/A;#N/A;#N/A;#N/A;#N/A
143;45;Homme;Travailleur;;;4;2;4;4;3;2;3;1;3;3;2;3;3;2;4;3;2;5;6;4;4;2;4;4;5;3;3;4;2;4;4;5;5;2;5;3;#N/A;#N/A;#N/A;#N/A;#N/A;#N/A
144;23;Femme;Etudiant;;;3;6;3;2;2;2;2;3;4;2;3;2;4;1;3;3;5;5;4;4;3;5;3;4;4;2;3;4;3;4;5;4;4;3;6;4;8;13;6;10;2;3
145;50;Femme;Travailleur;;;3;2;6;3;2;4;4;3;1;1;4;3;3;1;6;6;5;5;2;5;4;4;2;6;5;1;2;4;2;6;4;5;5;2;6;3;14;23;7;12;7;12
146;52;Homme;Travailleur;;;3;2;2;4;2;3;2;3;3;2;2;1;2;1;6;6;2;5;4;5;3;4;2;2;5;3;2;4;3;4;4;4;3;3;4;3;#N/A;#N/A;#N/A;#N/A;#N/A;#N/A
147;23;Femme;Travailleur;;;5;2;4;5;3;4;2;4;2;3;3;3;4;3;5;6;2;5;4;3;2;6;4;4;6;2;1;6;2;5;5;4;4;2;6;4;#N/A;#N/A;#N/A;#N/A;#N/A;#N/A
148;23;Femme;Etudiant;;;5;6;3;3;3;3;4;2;4;3;3;3;2;4;4;3;4;4;6;5;3;4;1;6;4;4;6;2;3;4;4;1;4;4;4;2;#N/A;#N/A;#N/A;#N/A;#N/A;#N/A
149;23;Femme;Etudiant;;;3;3;3;4;3;3;4;3;2;4;3;2;3;2;4;4;5;4;3;4;3;4;3;4;5;3;2;4;1;5;4;6;5;4;6;4;11;18;5;8;6;10
150;23;Homme;Etudiant;;;4;4;3;4;2;3;3;4;1;3;3;2;4;4;4;3;3;2;5;4;4;5;3;5;4;3;3;4;2;4;4;4;5;4;6;5;#N/A;#N/A;#N/A;#N/A;#N/A;#N/A
151;24;Femme;Etudiant;;;2;5;1;3;3;3;3;3;3;2;4;4;2;3;3;5;3;5;4;6;3;5;3;4;5;2;1;4;5;5;3;3;2;1;6;2;#N/A;#N/A;#N/A;#N/A;#N/A;#N/A
152;21;Homme;Etudiant;;;3;4;2;3;3;2;4;2;4;2;3;2;1;2;4;6;3;3;5;6;4;6;2;6;5;3;3;5;3;5;1;1;5;3;5;4;#N/A;#N/A;#N/A;#N/A;#N/A;#N/A
153;21;Homme;Etudiant;;;5;4;5;4;2;4;4;4;2;3;4;2;4;4;4;4;5;6;5;3;5;4;4;3;4;6;2;4;2;2;4;6;5;2;4;3;#N/A;#N/A;#N/A;#N/A;#N/A;#N/A
154;18;Femme;Etudiant;;;2;4;3;4;2;2;2;2;3;3;2;3;3;4;4;5;4;5;5;5;6;6;2;5;3;4;5;3;3;2;3;3;4;3;3;3;5;8;5;8;0;0
155;22;Femme;Etudiant;;;3;4;3;4;3;2;3;3;1;3;2;2;4;4;5;4;6;5;4;4;4;3;4;4;3;6;3;4;3;6;6;5;3;3;6;2;#N/A;#N/A;#N/A;#N/A;#N/A;#N/A
156;50;Femme;Travailleur;;;4;3;4;4;4;3;4;2;3;1;3;4;3;2;6;6;3;5;4;5;3;4;3;4;4;2;2;4;2;6;4;5;4;3;4;4;#N/A;#N/A;#N/A;#N/A;#N/A;#N/A
157;21;Femme;Etudiant;;;2;1;5;5;3;2;3;1;3;2;4;3;2;4;5;4;6;5;4;4;3;3;3;3;6;4;3;4;4;5;5;4;6;2;6;3;#N/A;#N/A;#N/A;#N/A;#N/A;#N/A
158;18;Femme;Etudiant;;;4;3;6;4;3;2;3;4;3;3;3;2;3;2;4;5;3;4;6;4;5;4;5;4;4;3;2;5;2;4;4;5;5;4;5;2;#N/A;#N/A;#N/A;#N/A;#N/A;#N/A
159;23;Femme;Etudiant;;;3;3;3;3;3;3;4;4;3;3;2;3;4;3;5;3;4;4;5;4;5;3;5;4;5;3;1;4;1;6;4;6;4;2;4;4;#N/A;#N/A;#N/A;#N/A;#N/A;#N/A
160;61;Femme;Travailleur;;;3;3;4;4;2;3;2;3;3;3;4;3;3;3;3;3;4;4;4;4;4;4;4;4;3;3;2;4;3;4;4;4;4;2;4;3;#N/A;#N/A;#N/A;#N/A;#N/A;#N/A
162;53;Femme;Travailleur;;;3;4;2;3;4;1;4;4;3;2;4;4;1;3;6;3;5;6;2;5;2;5;3;5;4;2;1;4;2;4;4;3;4;3;4;4;14;23;5;8;9;15
163;21;Homme;Etudiant;;;1;4;2;2;2;2;2;2;3;2;3;3;3;3;4;5;2;4;5;4;2;4;1;6;4;3;3;4;4;4;4;3;4;3;4;4;#N/A;#N/A;#N/A;#N/A;#N/A;#N/A
164;21;Femme;Etudiant;;;4;2;4;4;3;1;3;4;4;2;3;3;4;2;5;6;4;4;4;4;6;2;4;2;5;2;6;4;2;5;5;4;1;2;5;1;#N/A;#N/A;#N/A;#N/A;#N/A;#N/A
165;23;Femme;Etudiant;;;4;4;2;2;3;4;3;4;3;3;4;3;3;3;4;3;4;4;4;3;4;4;2;6;6;2;4;6;2;6;4;3;6;4;6;5;0;0;0;0;0;0
166;40;Femme;Etudiant;;;3;4;3;3;3;4;4;2;3;3;3;1;3;3;3;3;4;3;3;6;5;5;6;3;4;3;1;3;4;4;4;5;5;3;5;1;16;27;11;18;5;8
167;60;Femme;Travailleur;;;5;4;2;5;3;4;3;3;3;3;4;4;3;1;4;4;5;6;2;5;2;3;1;6;5;2;1;5;2;5;4;3;1;4;2;4;#N/A;#N/A;#N/A;#N/A;#N/A;#N/A
168;22;Homme;Etudiant;;;3;4;3;4;2;2;4;3;2;2;3;2;2;3;4;4;3;3;5;5;4;5;4;5;5;3;2;5;2;4;5;4;4;3;5;4;#N/A;#N/A;#N/A;#N/A;#N/A;#N/A
169;18;Homme;Etudiant;;;3;3;4;2;4;3;4;4;1;4;3;4;4;1;6;6;4;6;1;5;4;4;2;6;6;5;4;5;3;6;3;5;3;6;6;5;#N/A;#N/A;#N/A;#N/A;#N/A;#N/A
170;18;Femme;Etudiant;;;6;3;6;4;3;2;3;3;1;4;2;3;4;4;6;5;4;6;5;3;4;6;5;6;6;4;2;4;5;6;5;6;5;4;5;4;#N/A;#N/A;#N/A;#N/A;#N/A;#N/A
171;38;Femme;Sans emploi;;;2;6;2;2;4;1;4;2;3;2;4;2;2;3;6;5;5;5;4;6;5;5;3;6;5;5;4;4;2;6;5;4;4;2;6;5;#N/A;#N/A;#N/A;#N/A;#N/A;#N/A
172;47;Homme;Travailleur;;;4;4;2;2;2;3;2;3;2;3;3;3;3;3;3;3;2;4;3;4;3;4;3;4;4;3;3;4;4;4;4;4;4;3;4;4;#N/A;#N/A;#N/A;#N/A;#N/A;#N/A
173;48;Femme;Travailleur;;;4;3;4;4;3;2;2;2;2;3;4;3;3;3;4;3;4;4;4;3;4;3;4;3;4;3;3;5;3;4;4;5;4;4;4;5;#N/A;#N/A;#N/A;#N/A;#N/A;#N/A
174;52;Homme;Travailleur;;;4;3;4;4;3;3;3;2;3;3;4;3;3;2;6;5;2;5;2;4;3;4;3;2;4;3;3;4;3;5;4;4;4;2;3;4;#N/A;#N/A;#N/A;#N/A;#N/A;#N/A
176;50;Femme;Travailleur;;;2;5;2;3;3;2;4;3;3;3;3;4;3;3;6;5;2;6;4;5;3;5;2;5;5;4;4;5;4;5;5;4;5;3;6;4;#N/A;#N/A;#N/A;#N/A;#N/A;#N/A
177;48;Femme;Travailleur;;;3;4;3;3;3;3;3;3;3;3;3;3;3;3;5;4;6;4;4;5;4;4;3;4;5;2;2;6;2;6;5;5;6;4;6;6;11;18;10;17;1;2
178;25;Femme;Travailleur;;;5;3;5;4;3;3;3;1;2;4;3;4;1;4;5;5;2;5;4;6;3;6;5;6;2;3;3;3;1;3;5;5;2;4;4;1;#N/A;#N/A;#N/A;#N/A;#N/A;#N/A
179;40;Femme;Travailleur;;;4;2;3;4;2;1;3;1;4;3;3;4;4;1;4;5;2;5;4;4;2;3;3;4;6;1;1;5;1;5;5;5;4;1;4;6;#N/A;#N/A;#N/A;#N/A;#N/A;#N/A
180;67;Femme;Sans emploi;;;3;3;2;3;3;3;3;2;2;3;3;3;2;3;3;4;3;4;4;6;4;4;2;4;4;3;6;4;4;4;3;3;3;4;4;3;#N/A;#N/A;#N/A;#N/A;#N/A;#N/A
181;24;Femme;Etudiant;;;4;3;4;4;2;3;2;2;2;3;2;2;3;3;4;4;6;4;5;3;5;4;5;3;3;4;6;2;3;3;4;5;4;4;4;3;#N/A;#N/A;#N/A;#N/A;#N/A;#N/A
182;44;Femme;Travailleur;;;5;2;4;4;3;2;2;2;2;3;3;4;3;2;5;4;2;4;3;5;4;2;5;4;4;3;2;4;4;4;4;4;3;2;4;4;#N/A;#N/A;#N/A;#N/A;#N/A;#N/A
183;32;Femme;Travailleur;;;3;3;3;2;4;2;3;2;2;3;4;4;2;2;4;3;2;4;1;4;1;3;2;3;5;2;2;4;3;5;4;4;2;2;5;5;#N/A;#N/A;#N/A;#N/A;#N/A;#N/A
184;31;Homme;Travailleur;;;3;3;3;2;2;1;3;2;4;2;4;3;2;1;4;3;1;6;1;4;1;5;3;4;6;1;2;4;1;4;4;6;4;1;4;4;#N/A;#N/A;#N/A;#N/A;#N/A;#N/A
185;25;Femme;Travailleur;;;3;2;4;4;3;3;2;1;4;2;4;3;2;2;5;6;4;5;4;5;2;4;1;4;5;2;3;5;3;6;4;4;4;2;6;4;#N/A;#N/A;#N/A;#N/A;#N/A;#N/A
186;31;Femme;Travailleur;;;5;5;3;5;3;2;3;3;3;4;3;4;3;4;6;6;6;6;4;3;3;3;5;5;4;3;1;4;1;6;6;6;6;3;6;3;#N/A;#N/A;#N/A;#N/A;#N/A;#N/A
187;19;Femme;Etudiant;;;2;6;2;3;2;3;3;2;1;3;2;2;2;2;5;5;6;5;5;6;4;4;3;6;5;4;3;4;3;4;3;3;5;3;4;2;#N/A;#N/A;#N/A;#N/A;#N/A;#N/A
188;22;Femme;Etudiant;;;2;2;3;4;4;3;4;3;3;3;4;3;4;2;6;5;3;6;1;4;5;5;4;4;6;2;1;4;2;6;4;3;4;3;6;4;#N/A;#N/A;#N/A;#N/A;#N/A;#N/A
189;33;Homme;Travailleur;;;3;4;5;4;1;4;1;3;3;3;3;2;1;2;1;5;3;4;6;5;4;5;4;5;5;2;3;4;3;5;5;5;5;2;5;5;#N/A;#N/A;#N/A;#N/A;#N/A;#N/A
190;19;Femme;Etudiant;;;3;3;3;3;3;2;3;2;3;3;2;3;3;2;4;5;4;5;4;5;3;4;3;4;3;4;4;3;3;4;4;5;3;3;4;3;#N/A;#N/A;#N/A;#N/A;#N/A;#N/A
191;22;Femme;Sans emploi;;;3;3;3;3;3;2;3;2;3;2;3;3;2;2;5;6;3;5;3;6;3;6;4;4;6;2;2;1;1;6;4;4;5;1;5;4;#N/A;#N/A;#N/A;#N/A;#N/A;#N/A
192;27;Femme;Travailleur;;;5;3;5;5;4;3;4;3;2;3;3;4;3;4;5;5;2;5;2;4;2;4;1;4;6;3;3;5;3;6;4;4;3;2;5;4;#N/A;#N/A;#N/A;#N/A;#N/A;#N/A
193;22;Homme;Etudiant;;;3;6;2;2;3;3;3;4;3;2;2;2;4;3;5;5;4;3;5;4;5;5;2;6;6;3;4;5;4;5;4;4;6;4;4;3;#N/A;#N/A;#N/A;#N/A;#N/A;#N/A
194;20;Femme;Etudiant;;;3;4;4;2;2;2;2;2;3;2;4;2;2;3;3;3;4;3;5;4;4;4;2;5;4;3;4;3;4;4;3;3;4;3;4;3;11;18;6;10;5;8
195;22;Femme;Travailleur;;;4;2;4;6;3;2;3;2;4;2;4;4;1;2;5;5;2;4;2;6;3;2;1;3;6;2;2;4;1;4;4;4;4;1;6;3;#N/A;#N/A;#N/A;#N/A;#N/A;#N/A
196;56;Homme;Travailleur;;;5;3;5;5;1;2;2;3;3;3;3;4;3;2;6;4;3;5;4;5;4;5;5;5;6;1;1;5;1;6;5;5;6;1;6;6;#N/A;#N/A;#N/A;#N/A;#N/A;#N/A
197;43;Femme;Travailleur;;;4;3;4;4;2;3;2;1;3;3;2;3;2;3;4;4;5;3;4;3;4;5;3;5;4;3;4;4;2;5;4;4;3;3;6;4;#N/A;#N/A;#N/A;#N/A;#N/A;#N/A
198;58;Homme;Travailleur;;;3;3;4;4;3;3;3;3;3;2;3;4;3;2;6;5;3;5;3;5;3;3;3;3;4;3;2;4;2;4;4;4;3;3;6;3;#N/A;#N/A;#N/A;#N/A;#N/A;#N/A
199;60;Femme;Sans emploi;;;4;3;4;2;3;3;3;3;3;2;3;4;3;1;6;5;2;6;3;5;3;4;4;4;4;3;1;4;1;6;4;4;3;1;4;4;#N/A;#N/A;#N/A;#N/A;#N/A;#N/A
200;22;Femme;Etudiant;;;5;2;5;5;4;2;4;3;3;3;4;4;2;3;5;3;2;4;2;3;2;4;3;2;4;2;1;3;2;5;6;4;5;4;5;4;#N/A;#N/A;#N/A;#N/A;#N/A;#N/A
201;23;Femme;Etudiant;;;3;2;4;4;3;1;3;1;4;3;4;3;1;2;3;4;3;3;2;3;2;4;3;4;4;1;3;4;1;4;3;3;3;3;4;3;#N/A;#N/A;#N/A;#N/A;#N/A;#N/A
203;68;Homme;Sans emploi;;;6;1;6;1;3;3;3;3;1;1;3;4;4;1;6;1;1;6;6;1;6;1;4;6;6;1;1;5;1;6;6;6;5;1;4;1;#N/A;#N/A;#N/A;#N/A;#N/A;#N/A
204;50;Femme;Travailleur;;;4;2;4;4;3;3;3;3;1;3;4;4;3;1;6;5;4;5;4;4;4;4;3;3;5;2;2;4;2;4;4;4;3;2;4;4;#N/A;#N/A;#N/A;#N/A;#N/A;#N/A
206;61;Femme;Sans emploi;;;3;4;2;3;3;2;3;2;3;1;3;3;3;1;6;6;2;6;5;6;2;5;2;4;6;1;1;4;2;6;5;4;4;1;5;4;#N/A;#N/A;#N/A;#N/A;#N/A;#N/A
207;22;Femme;Etudiant;;;2;3;3;4;3;2;3;3;2;3;3;3;1;4;5;4;2;5;2;3;3;2;1;6;2;4;6;5;5;3;5;6;3;6;6;1;8;13;5;8;3;5
208;22;Autre;Etudiant;;;2;3;3;4;2;3;1;4;1;3;2;2;4;4;4;3;3;3;4;2;5;5;5;6;2;5;1;6;4;4;4;5;2;1;5;1;#N/A;#N/A;#N/A;#N/A;#N/A;#N/A
209;47;Femme;Travailleur;;;5;2;5;5;4;2;4;2;4;1;4;3;1;1;6;6;5;6;2;6;2;6;3;3;5;1;2;5;3;6;5;3;4;1;3;6;#N/A;#N/A;#N/A;#N/A;#N/A;#N/A
210;23;Femme;Travailleur;;;2;3;3;4;3;1;4;3;2;3;4;3;1;4;4;4;2;4;2;4;1;2;1;4;4;5;4;3;2;4;6;5;5;2;6;2;#N/A;#N/A;#N/A;#N/A;#N/A;#N/A
211;22;Femme;Etudiant;;;3;3;3;3;3;2;4;3;1;3;2;2;3;4;5;4;5;5;3;2;4;4;4;4;3;4;2;4;2;5;3;3;4;4;5;4;#N/A;#N/A;#N/A;#N/A;#N/A;#N/A
212;30;Homme;Etudiant;;;1;3;4;4;2;4;3;2;4;3;3;2;2;2;3;3;2;2;6;5;4;6;2;6;6;1;3;4;3;6;3;3;4;2;6;4;#N/A;#N/A;#N/A;#N/A;#N/A;#N/A
213;25;Femme;Etudiant;;;4;3;4;3;3;3;4;1;3;2;4;3;3;2;5;3;2;6;4;3;6;5;2;6;6;6;1;4;1;4;6;4;4;2;4;4;#N/A;#N/A;#N/A;#N/A;#N/A;#N/A
214;23;Femme;Etudiant;;;3;3;4;4;3;2;4;4;2;3;2;3;3;3;5;4;4;5;3;3;3;5;4;4;4;4;4;3;3;4;6;4;3;3;6;2;#N/A;#N/A;#N/A;#N/A;#N/A;#N/A
215;61;Homme;Travailleur;;;1;5;1;1;4;1;2;1;4;1;3;4;1;3;6;6;1;6;1;6;1;4;1;6;6;4;1;6;4;6;6;6;4;1;6;4;#N/A;#N/A;#N/A;#N/A;#N/A;#N/A
216;52;Femme;Travailleur;;;4;3;3;3;3;3;3;3;3;2;3;4;4;3;4;4;3;4;4;3;3;4;3;3;3;3;2;2;1;4;4;4;3;3;4;4;#N/A;#N/A;#N/A;#N/A;#N/A;#N/A
217;28;Femme;Travailleur;;;4;4;3;4;3;3;3;2;3;4;3;3;3;3;5;5;6;5;6;3;4;5;5;5;5;3;3;4;2;5;5;6;3;2;6;4;#N/A;#N/A;#N/A;#N/A;#N/A;#N/A
218;23;Femme;Etudiant;;;4;3;3;4;3;3;2;3;4;1;4;3;1;3;5;6;4;4;4;6;2;6;1;6;6;3;6;5;2;6;3;3;6;1;6;4;#N/A;#N/A;#N/A;#N/A;#N/A;#N/A
219;46;Homme;Travailleur;;;5;2;5;4;3;1;2;3;2;3;3;4;2;2;5;4;6;5;5;4;5;5;3;4;5;2;2;5;2;5;5;5;5;2;3;5;#N/A;#N/A;#N/A;#N/A;#N/A;#N/A
220;24;Femme;Etudiant;;;2;5;2;2;2;3;3;3;2;3;2;3;3;4;4;3;4;6;6;3;5;2;3;5;3;4;6;4;3;4;2;3;3;4;4;1;#N/A;#N/A;#N/A;#N/A;#N/A;#N/A
221;23;Femme;Etudiant;;;4;4;4;4;2;3;4;2;2;3;3;3;2;3;5;4;6;5;4;3;6;5;4;5;5;4;3;4;5;4;4;5;5;2;4;6;#N/A;#N/A;#N/A;#N/A;#N/A;#N/A
222;20;Homme;Etudiant;;;4;3;5;3;2;4;1;4;2;3;4;2;3;4;2;4;5;4;5;2;5;4;5;6;5;5;4;5;3;5;4;6;5;2;5;5;#N/A;#N/A;#N/A;#N/A;#N/A;#N/A
223;45;Femme;Travailleur;;;4;1;4;5;4;1;4;3;1;4;3;4;4;4;6;5;5;5;3;4;3;4;4;4;6;4;1;4;1;4;5;5;5;2;5;5;#N/A;#N/A;#N/A;#N/A;#N/A;#N/A
224;22;Femme;Etudiant;;;4;3;5;4;4;1;4;3;3;3;4;3;3;2;6;6;4;6;5;4;3;5;2;5;6;2;1;2;1;6;4;4;5;4;6;6;#N/A;#N/A;#N/A;#N/A;#N/A;#N/A
225;25;Femme;Travailleur;;;3;4;3;3;4;2;2;3;3;2;3;4;3;3;6;5;4;5;3;3;3;4;5;5;4;2;3;4;3;5;5;4;5;3;5;3;#N/A;#N/A;#N/A;#N/A;#N/A;#N/A
226;25;Femme;Etudiant;;;6;5;4;4;4;3;4;2;4;3;3;3;4;2;6;6;4;3;3;6;3;5;6;6;6;3;2;4;2;5;5;5;6;3;4;6;#N/A;#N/A;#N/A;#N/A;#N/A;#N/A
227;22;Femme;Etudiant;;;3;3;4;4;3;3;1;3;3;4;3;3;4;4;4;3;4;4;5;3;5;3;4;3;5;6;4;4;2;5;4;4;3;3;6;1;#N/A;#N/A;#N/A;#N/A;#N/A;#N/A
228;27;Homme;Travailleur;;;3;6;3;1;3;2;1;2;2;2;1;2;3;3;4;3;4;4;4;3;4;6;4;6;1;4;6;4;5;4;3;2;4;5;4;3;#N/A;#N/A;#N/A;#N/A;#N/A;#N/A
229;50;Femme;Travailleur;;;3;3;4;3;2;2;3;3;4;3;3;4;4;2;4;4;3;4;4;4;3;3;3;3;4;3;3;4;3;5;4;4;4;3;5;3;#N/A;#N/A;#N/A;#N/A;#N/A;#N/A
230;20;Femme;Travailleur;;;3;5;2;4;3;2;2;3;3;3;3;4;4;2;5;4;4;4;4;4;6;4;3;4;4;3;3;4;2;4;4;4;4;3;4;4;#N/A;#N/A;#N/A;#N/A;#N/A;#N/A
231;24;Femme;Etudiant;;;4;1;5;5;3;2;3;1;2;2;3;4;2;2;4;6;3;4;5;5;4;2;3;2;5;3;2;3;3;3;4;4;4;3;4;4;#N/A;#N/A;#N/A;#N/A;#N/A;#N/A
233;47;Femme;Travailleur;;;3;4;3;3;2;3;2;2;3;3;4;2;2;3;3;3;3;3;6;4;6;3;3;6;3;3;3;3;3;4;4;4;5;3;4;4;#N/A;#N/A;#N/A;#N/A;#N/A;#N/A
234;52;Homme;Travailleur;;;4;2;3;3;3;2;4;3;2;3;3;3;2;3;4;4;3;4;5;5;4;5;3;2;4;2;1;4;3;5;4;5;2;1;5;5;#N/A;#N/A;#N/A;#N/A;#N/A;#N/A
235;31;Femme;Travailleur;;;5;3;4;4;4;2;4;2;1;3;3;4;4;3;6;3;5;5;3;3;4;5;4;5;6;2;1;5;3;6;6;4;5;2;5;5;#N/A;#N/A;#N/A;#N/A;#N/A;#N/A
236;28;Homme;Travailleur;;;3;3;4;4;2;4;3;4;1;2;4;2;2;3;5;5;4;6;5;6;5;5;3;6;6;3;1;6;2;6;5;5;6;1;6;6;15;25;6;10;9;15
237;26;Femme;Travailleur;;;3;3;3;4;3;2;3;2;4;1;3;4;2;1;6;6;6;5;3;5;3;5;3;5;5;3;4;4;2;4;4;3;4;3;5;4;12;20;5;8;7;12
238;35;Femme;Travailleur;;;3;4;4;4;4;2;3;2;3;3;4;4;3;2;6;6;2;6;2;5;4;5;3;4;5;3;4;3;2;5;5;3;4;2;4;3;#N/A;#N/A;#N/A;#N/A;#N/A;#N/A
239;29;Femme;Travailleur;;;3;6;2;2;4;2;3;2;4;2;4;3;2;3;5;5;3;4;4;4;3;6;3;6;4;3;3;4;3;4;5;4;3;2;4;3;#N/A;#N/A;#N/A;#N/A;#N/A;#N/A
240;31;Femme;Travailleur;;;3;3;4;3;3;2;3;2;3;3;3;3;2;2;6;6;6;5;5;3;4;5;4;4;6;2;1;4;1;4;6;4;5;2;5;5;#N/A;#N/A;#N/A;#N/A;#N/A;#N/A
241;34;Homme;Travailleur;;;2;6;2;3;4;3;4;4;1;3;3;3;4;4;6;4;4;5;2;3;3;6;1;5;5;4;3;5;4;6;5;4;6;3;6;5;#N/A;#N/A;#N/A;#N/A;#N/A;#N/A
242;54;Femme;Travailleur;;;4;1;4;4;3;2;3;2;2;1;3;4;3;3;6;6;4;6;2;5;2;4;5;2;4;2;1;4;3;5;4;4;2;3;5;4;#N/A;#N/A;#N/A;#N/A;#N/A;#N/A
243;29;Femme;Travailleur;;;2;2;3;4;3;1;4;2;4;3;4;3;2;3;6;6;1;6;5;6;4;2;4;4;5;1;2;5;1;6;4;5;5;2;5;5;#N/A;#N/A;#N/A;#N/A;#N/A;#N/A
244;20;Homme;Etudiant;;;5;4;6;6;4;2;3;3;2;4;4;2;3;1;6;4;5;5;4;6;5;4;6;3;4;2;3;6;2;6;5;6;5;2;6;4;29;48;14;23;15;25
245;19;Homme;Travailleur;;;5;5;1;1;2;4;3;3;1;3;4;3;4;4;4;4;6;3;1;1;6;5;4;6;6;1;4;5;2;6;5;6;6;5;6;4;#N/A;#N/A;#N/A;#N/A;#N/A;#N/A
246;19;Homme;Travailleur;;;1;2;2;4;3;2;3;2;3;3;4;3;2;3;4;3;2;4;2;3;4;3;2;3;4;3;2;4;2;4;4;4;4;3;4;4;#N/A;#N/A;#N/A;#N/A;#N/A;#N/A
247;20;Homme;Travailleur;;;2;6;5;4;1;4;1;3;1;3;4;1;1;1;3;4;4;6;4;2;3;5;6;5;4;2;1;1;4;5;5;5;4;2;3;5;#N/A;#N/A;#N/A;#N/A;#N/A;#N/A
248;20;Femme;Etudiant;;;5;3;4;2;3;2;3;3;2;3;4;3;2;2;4;3;4;5;6;6;5;6;3;4;4;2;4;3;1;4;4;2;4;2;4;4;#N/A;#N/A;#N/A;#N/A;#N/A;#N/A
249;19;Homme;Etudiant;;;5;3;5;4;3;3;3;4;1;2;2;2;2;4;5;3;6;5;3;1;3;4;6;6;5;6;5;3;5;3;4;5;5;4;6;3;#N/A;#N/A;#N/A;#N/A;#N/A;#N/A
250;57;Femme;Travailleur;;;1;2;1;5;4;1;4;3;4;2;3;4;1;3;6;6;5;6;2;6;4;6;4;5;5;4;1;6;3;5;5;6;4;1;6;5;28;46;16;26;6;19
251;26;Femme;Sans emploi;;;4;3;3;3;2;2;3;4;3;2;3;3;4;3;4;5;3;3;5;4;4;5;4;5;3;2;4;4;1;4;4;4;4;4;5;4;16;27;11;18;5;8
252;22;Homme;Etudiant;;;2;4;2;2;3;2;3;2;4;3;4;4;4;3;5;6;4;5;4;6;2;6;2;6;6;4;2;4;2;4;5;6;4;1;6;3;#N/A;#N/A;#N/A;#N/A;#N/A;#N/A
253;52;Homme;Travailleur;;;3;4;3;4;2;3;2;4;1;3;4;2;3;3;3;4;6;3;6;3;2;4;2;4;3;3;6;4;4;6;3;3;3;4;4;2;#N/A;#N/A;#N/A;#N/A;#N/A;#N/A
254;50;Homme;Travailleur;;;4;2;4;4;2;3;3;3;2;3;3;3;3;3;5;4;2;4;3;5;2;4;2;3;5;3;2;4;3;6;5;4;4;2;4;4;#N/A;#N/A;#N/A;#N/A;#N/A;#N/A
256;22;Femme;Etudiant;;;3;4;3;3;4;2;4;3;4;2;4;4;2;3;5;6;2;6;4;6;1;5;1;5;6;1;3;5;2;4;4;4;4;3;6;6;#N/A;#N/A;#N/A;#N/A;#N/A;#N/A
257;57;Femme;Sans emploi;;;5;2;5;4;3;1;3;3;3;3;2;4;4;3;6;6;4;5;4;2;5;5;5;2;4;1;1;4;1;5;5;6;1;1;3;5;#N/A;#N/A;#N/A;#N/A;#N/A;#N/A
258;26;Femme;Travailleur;;;4;3;3;5;3;2;3;3;3;3;3;4;4;2;5;5;2;5;3;5;2;5;3;4;5;2;2;4;3;5;4;4;4;3;5;5;#N/A;#N/A;#N/A;#N/A;#N/A;#N/A
259;22;Homme;Etudiant;;;3;5;4;4;3;3;4;2;2;2;4;2;2;4;5;5;4;4;3;4;5;4;5;6;4;4;3;5;5;5;5;5;4;3;4;4;#N/A;#N/A;#N/A;#N/A;#N/A;#N/A
260;22;Femme;Etudiant;;;1;6;1;1;3;2;4;2;3;3;3;3;3;2;4;5;2;6;3;5;3;6;1;5;6;2;6;6;2;5;2;4;6;2;6;4;#N/A;#N/A;#N/A;#N/A;#N/A;#N/A
261;22;Homme;Etudiant;;;1;6;4;4;4;3;4;4;4;1;4;4;1;1;6;6;1;2;4;6;1;6;2;6;6;1;2;5;1;6;4;6;6;1;6;6;#N/A;#N/A;#N/A;#N/A;#N/A;#N/A
262;43;Homme;Travailleur;;;3;2;3;5;3;2;4;2;4;3;3;4;3;1;5;5;1;6;2;4;3;5;5;6;3;1;1;4;2;5;6;5;5;1;6;6;#N/A;#N/A;#N/A;#N/A;#N/A;#N/A
263;36;Femme;Travailleur;;;3;4;2;4;3;2;4;2;4;2;3;3;3;3;5;4;4;5;4;4;2;4;1;4;4;3;3;4;3;4;4;4;4;3;4;3;#N/A;#N/A;#N/A;#N/A;#N/A;#N/A
264;22;Femme;Etudiant;;;2;3;5;4;4;2;3;3;3;3;4;4;3;3;6;5;3;6;4;6;4;6;4;6;6;3;3;5;3;5;4;3;6;1;5;6;#N/A;#N/A;#N/A;#N/A;#N/A;#N/A
265;42;Homme;Travailleur;;;4;3;4;4;3;2;3;2;2;3;2;3;3;3;5;5;2;5;2;3;3;2;4;5;4;4;4;4;3;4;4;4;3;3;4;4;#N/A;#N/A;#N/A;#N/A;#N/A;#N/A
266;56;Femme;Travailleur;;;4;4;3;4;3;2;3;2;4;2;3;3;2;2;5;5;5;5;3;5;4;4;3;5;4;2;2;4;3;4;4;4;4;4;4;4;#N/A;#N/A;#N/A;#N/A;#N/A;#N/A
267;22;Femme;Etudiant;;;2;3;3;3;3;2;3;4;2;3;4;1;3;3;6;4;5;4;5;4;3;4;3;5;3;4;4;3;3;3;4;4;4;3;5;2;#N/A;#N/A;#N/A;#N/A;#N/A;#N/A
268;27;Femme;Travailleur;;;2;6;2;3;3;2;4;2;4;2;3;3;3;2;5;5;3;5;4;4;3;5;2;5;5;3;4;3;4;4;3;2;4;4;5;4;10;17;7;12;3;5
269;28;Homme;Travailleur;;;4;3;3;3;2;1;2;4;1;3;2;2;3;2;3;4;2;5;5;4;4;4;4;5;4;4;3;4;3;5;5;4;4;3;5;3;#N/A;#N/A;#N/A;#N/A;#N/A;#N/A
270;58;Femme;Travailleur;;;4;2;4;4;3;2;3;2;3;3;2;4;3;1;5;4;3;4;3;4;3;3;3;4;5;2;1;4;3;5;4;4;3;2;4;4;8;13;5;8;3;5
271;70;Homme;Sans emploi;;;4;2;5;4;2;3;2;2;3;3;2;3;2;3;6;5;2;5;3;5;3;4;3;4;3;3;3;3;4;3;3;4;3;3;4;3;#N/A;#N/A;#N/A;#N/A;#N/A;#N/A
272;31;Femme;Travailleur;;;4;3;4;5;3;1;3;2;3;3;3;3;3;2;5;5;2;5;3;4;2;4;5;3;4;2;1;4;1;4;5;5;4;2;5;4;15;25;11;18;4;7
273;27;Femme;Travailleur;;;5;3;4;4;3;1;4;2;3;3;3;3;3;3;6;5;2;5;4;5;4;2;4;5;4;4;2;4;4;4;4;6;3;2;5;5;#N/A;#N/A;#N/A;#N/A;#N/A;#N/A
274;34;Femme;Travailleur;;;1;5;3;1;4;2;4;4;2;1;4;3;1;1;3;4;3;4;6;6;1;5;1;6;6;1;3;5;1;6;4;4;4;5;6;6;8;13;5;8;3;5
275;45;Homme;Travailleur;;;4;2;4;5;3;3;1;3;3;3;2;3;3;1;5;4;4;4;4;5;5;2;3;3;4;3;3;4;2;5;6;6;4;1;6;5;#N/A;#N/A;#N/A;#N/A;#N/A;#N/A
276;40;Femme;Travailleur;;;4;3;4;4;3;3;3;3;3;2;4;4;3;3;5;5;3;5;4;4;4;5;4;5;5;3;2;4;2;6;5;5;4;2;5;5;#N/A;#N/A;#N/A;#N/A;#N/A;#N/A
277;53;Femme;Travailleur;;;3;3;4;4;3;2;2;2;3;3;3;3;3;3;4;4;3;4;4;3;4;3;4;3;5;3;1;5;1;6;5;4;3;2;5;4;#N/A;#N/A;#N/A;#N/A;#N/A;#N/A
278;26;Homme;Travailleur;;;1;6;1;2;3;3;3;1;4;2;3;4;2;1;6;6;3;5;5;6;1;5;1;5;4;2;3;5;3;5;5;5;6;2;5;5;7;12;5;8;2;3
279;48;Femme;Travailleur;;;3;3;4;4;3;2;3;2;2;2;3;3;3;2;5;4;2;4;2;5;3;4;3;3;2;4;1;5;3;4;4;4;4;3;5;4;#N/A;#N/A;#N/A;#N/A;#N/A;#N/A
280;49;Femme;Sans emploi;;;4;3;4;4;3;1;3;2;3;2;4;3;1;2;4;4;4;4;4;4;4;4;1;6;4;5;6;6;6;6;4;6;3;2;6;1;#N/A;#N/A;#N/A;#N/A;#N/A;#N/A
281;30;Homme;Travailleur;;;4;3;3;3;3;3;2;4;4;2;3;2;2;3;4;3;4;4;4;3;4;3;3;5;4;4;3;3;4;4;2;1;6;6;3;3;#N/A;#N/A;#N/A;#N/A;#N/A;#N/A
282;79;Homme;Sans emploi;;;4;2;4;4;3;1;3;3;4;4;3;4;4;1;4;4;1;4;2;4;2;4;4;4;4;1;1;4;1;4;4;4;4;1;4;4;#N/A;#N/A;#N/A;#N/A;#N/A;#N/A
283;25;Homme;Sans emploi;;;3;3;2;4;2;2;1;3;2;3;3;2;4;3;3;4;4;3;4;5;4;4;4;5;6;5;2;5;4;6;4;3;4;3;6;4;#N/A;#N/A;#N/A;#N/A;#N/A;#N/A
284;21;Femme;Etudiant;;;5;5;4;5;2;2;1;2;2;3;2;2;3;4;4;4;5;4;6;3;5;3;3;4;4;4;2;4;3;4;4;5;4;2;5;3;#N/A;#N/A;#N/A;#N/A;#N/A;#N/A
285;56;Homme;Travailleur;;;5;3;5;5;3;3;3;4;3;4;3;3;3;3;5;4;4;4;3;5;3;5;2;4;4;3;4;6;4;6;5;5;5;3;4;3;#N/A;#N/A;#N/A;#N/A;#N/A;#N/A
286;40;Homme;Travailleur;;;5;3;4;3;4;3;3;1;4;2;4;4;3;1;5;5;3;4;4;5;2;4;4;4;5;2;2;4;3;4;5;5;4;5;5;5;#N/A;#N/A;#N/A;#N/A;#N/A;#N/A
287;36;Femme;Travailleur;;;5;2;2;5;2;3;3;4;1;3;1;4;4;4;5;4;6;5;1;2;4;2;6;2;2;4;2;4;2;5;5;5;2;5;5;1;#N/A;#N/A;#N/A;#N/A;#N/A;#N/A
288;22;Femme;Etudiant;;;3;4;2;4;3;2;3;1;2;4;3;3;4;4;4;5;3;4;4;3;3;3;5;6;6;4;4;2;1;3;5;4;4;3;6;3;#N/A;#N/A;#N/A;#N/A;#N/A;#N/A
289;70;Femme;Travailleur;;;4;3;3;4;2;3;3;4;3;3;2;4;3;2;4;3;4;4;4;4;4;3;2;4;3;3;2;2;2;4;4;4;3;1;4;3;#N/A;#N/A;#N/A;#N/A;#N/A;#N/A
290;72;Homme;Sans emploi;;;4;2;5;6;4;4;3;2;4;4;3;4;4;1;6;6;1;6;1;6;1;5;5;5;6;2;1;6;3;6;6;6;6;1;4;6;#N/A;#N/A;#N/A;#N/A;#N/A;#N/A
291;81;Homme;Sans emploi;;;2;3;4;4;3;3;2;3;3;3;4;3;3;3;6;4;3;5;2;5;2;4;2;4;4;4;3;4;4;5;4;4;3;1;4;4;#N/A;#N/A;#N/A;#N/A;#N/A;#N/A
292;84;Homme;Sans emploi;;;4;3;3;5;2;3;2;3;2;2;3;4;2;1;4;3;1;3;4;4;4;3;3;5;5;2;2;5;2;6;4;2;4;1;5;5;#N/A;#N/A;#N/A;#N/A;#N/A;#N/A
293;28;Femme;Sans emploi;;;4;4;3;4;4;2;3;1;4;3;3;4;4;3;6;6;1;6;3;6;1;4;3;6;4;4;2;4;2;4;4;4;4;2;6;3;#N/A;#N/A;#N/A;#N/A;#N/A;#N/A
294;66;Femme;Travailleur;;;5;2;4;4;3;2;1;2;4;3;2;4;3;3;3;4;4;5;4;5;2;3;3;4;6;4;2;6;2;4;3;5;3;1;4;4;#N/A;#N/A;#N/A;#N/A;#N/A;#N/A
295;71;Femme;Sans emploi;;;5;1;5;5;4;3;4;2;4;1;4;4;2;2;6;6;1;6;1;5;1;5;4;5;4;1;1;4;2;5;5;6;4;2;5;5;#N/A;#N/A;#N/A;#N/A;#N/A;#N/A
296;31;Femme;Travailleur;;;5;2;5;5;3;2;3;3;4;3;3;4;2;2;6;5;3;5;3;4;4;3;6;4;4;4;1;5;2;6;5;6;4;2;5;5;#N/A;#N/A;#N/A;#N/A;#N/A;#N/A
297;22;Homme;Etudiant;;;6;4;3;3;3;3;2;3;4;3;3;4;3;3;5;4;4;6;3;6;4;6;2;5;6;5;4;3;4;6;4;4;4;5;6;5;#N/A;#N/A;#N/A;#N/A;#N/A;#N/A
298;51;Femme;Sans emploi;;;5;3;5;4;3;3;2;4;2;4;3;3;4;3;6;5;5;4;4;3;4;5;5;5;3;3;4;4;1;6;5;4;4;2;5;1;#N/A;#N/A;#N/A;#N/A;#N/A;#N/A
299;56;Femme;Travailleur;;;3;2;4;4;4;3;4;2;4;2;4;3;3;2;6;5;4;6;4;6;4;3;2;6;6;2;1;4;2;6;4;4;4;3;4;4;#N/A;#N/A;#N/A;#N/A;#N/A;#N/A
300;32;Homme;Travailleur;;;5;1;4;6;2;3;3;2;3;2;2;2;3;1;4;4;5;3;3;5;4;1;6;5;5;1;1;5;4;6;6;6;1;1;6;1;5;8;8;8;8;8
301;46;Homme;Travailleur;;;4;3;4;4;3;3;2;3;2;3;4;3;3;3;5;5;4;5;4;4;4;4;5;5;5;3;4;5;3;5;5;5;4;2;5;5;#N/A;#N/A;#N/A;#N/A;#N/A;#N/A
302;25;Femme;Travailleur;;;3;2;2;4;3;2;2;2;4;3;4;4;4;2;5;5;3;6;4;6;2;6;5;6;6;2;3;4;2;6;6;6;6;1;6;4;9;15;5;8;4;7
303;32;Femme;Sans emploi;;;4;3;4;4;3;2;4;3;3;3;3;3;4;3;5;5;3;4;4;5;4;4;6;5;6;2;2;5;2;5;5;6;5;2;5;5;17;15;22;12;18;12
304;28;Femme;Travailleur;;;5;6;2;3;3;3;3;3;3;2;4;3;2;2;4;5;2;5;5;6;2;5;2;6;5;2;4;4;2;5;4;4;4;2;5;4;7;11;6;10;1;2
306;40;Homme;Travailleur;;;4;3;3;4;3;3;3;2;4;3;3;3;2;3;4;5;4;5;4;3;4;3;3;5;3;4;5;4;4;4;3;4;3;3;6;3;7;12;5;8;2;3
307;38;Homme;Travailleur;;;3;6;2;5;2;4;1;2;1;3;4;3;2;4;3;4;5;6;5;3;2;6;2;6;4;4;3;2;2;5;3;1;6;3;6;1;16;27;11;18;5;8
308;26;Femme;Etudiant;;;5;2;6;6;2;3;3;3;4;1;4;4;2;1;2;5;2;6;6;6;1;6;1;6;6;1;2;4;4;6;5;6;6;1;6;6;13;22;8;13;5;8
309;25;Femme;Etudiant;;;2;4;2;1;3;4;2;1;3;2;2;1;4;3;3;4;6;2;5;3;4;3;3;5;5;3;6;2;4;5;3;5;5;3;5;3;6;10;5;8;1;2
310;73;Homme;Sans emploi;;;3;4;3;4;3;2;3;3;2;3;3;3;1;1;4;5;2;5;5;5;3;6;3;5;5;2;2;4;3;4;4;3;3;2;6;4;#N/A;#N/A;#N/A;#N/A;#N/A;#N/A
311;40;Femme;Travailleur;;;6;2;6;6;4;2;3;1;3;3;3;4;3;2;6;6;2;6;1;5;1;5;2;4;6;4;1;5;1;6;4;6;4;1;6;6;7;12;5;8;2;3
312;75;Femme;Sans emploi;;;3;3;3;4;3;2;3;3;2;2;4;2;4;3;4;4;3;4;4;4;5;5;4;4;4;3;4;4;3;4;4;4;3;3;4;4;#N/A;#N/A;#N/A;#N/A;#N/A;#N/A
313;50;Femme;Travailleur;;;3;3;3;3;2;3;3;3;2;4;3;2;4;4;4;4;6;3;4;3;4;4;4;3;4;4;4;3;4;3;4;4;3;4;4;3;#N/A;#N/A;#N/A;#N/A;#N/A;#N/A
314;28;Femme;Travailleur;;;3;3;4;4;3;3;3;4;3;2;3;4;1;3;5;5;1;5;4;6;1;6;2;6;5;4;4;5;2;6;5;6;5;2;6;4;#N/A;#N/A;#N/A;#N/A;#N/A;#N/A
315;60;Femme;Travailleur;;;4;3;4;4;3;3;2;2;3;3;3;3;3;3;4;4;3;4;4;4;4;3;4;4;3;4;3;3;4;3;4;4;3;3;3;3;#N/A;#N/A;#N/A;#N/A;#N/A;#N/A
316;28;Femme;Sans emploi;;;2;4;4;3;3;2;3;1;4;1;4;3;1;1;4;3;4;5;4;5;3;5;2;6;6;1;3;4;2;4;4;5;5;4;6;5;#N/A;#N/A;#N/A;#N/A;#N/A;#N/A
317;50;Femme;Travailleur;;;2;2;2;5;3;2;2;2;3;3;4;4;3;1;5;5;2;5;2;6;3;5;6;5;5;2;2;4;2;5;5;5;4;2;6;6;#N/A;#N/A;#N/A;#N/A;#N/A;#N/A
318;23;Femme;Etudiant;;;4;2;5;5;4;2;3;2;3;3;3;3;3;4;5;6;4;6;2;5;3;5;2;6;3;4;1;6;2;5;3;2;5;1;4;5;7;12;6;10;1;2
319;46;Femme;Travailleur;;;4;3;4;5;4;3;4;2;3;3;3;3;4;4;6;4;4;6;2;5;2;6;3;3;2;5;2;4;1;4;4;6;3;1;6;3;#N/A;#N/A;#N/A;#N/A;#N/A;#N/A
320;26;Femme;Travailleur;;;4;3;4;4;3;2;3;2;3;3;3;2;3;3;5;4;4;5;4;6;2;4;3;2;3;4;4;2;3;4;4;3;3;4;4;4;6;10;5;8;1;2
321;26;Femme;Travailleur;;;4;4;3;5;3;2;3;4;3;2;4;3;1;1;5;5;4;6;4;6;3;6;2;6;5;2;4;4;2;6;5;4;4;3;5;4;5;5;0;0;8;8
322;28;Femme;Travailleur;;;3;4;3;4;3;3;2;3;3;2;3;3;3;2;5;5;2;5;3;5;3;4;4;4;5;2;3;4;3;5;4;4;4;3;6;5;8;13;8;13;0;0
323;43;Femme;Travailleur;;;4;4;2;2;3;3;3;2;4;3;4;4;3;1;4;4;2;6;2;6;2;4;2;6;6;2;4;6;1;6;6;6;6;1;6;2;#N/A;#N/A;#N/A;#N/A;#N/A;#N/A
324;30;Femme;Travailleur;;;2;5;1;3;4;3;3;3;2;2;3;3;3;4;5;5;5;6;6;4;3;4;1;3;3;5;4;5;2;4;4;4;4;5;5;4;#N/A;#N/A;#N/A;#N/A;#N/A;#N/A
325;23;Homme;Etudiant;;;4;5;3;4;3;1;3;2;3;2;4;3;3;4;5;5;4;4;4;5;3;6;2;5;4;5;6;3;5;5;3;3;4;3;5;2;12;20;9;15;3;5
326;53;Homme;Travailleur;;;4;3;4;4;2;2;2;4;3;3;3;3;3;3;4;4;3;4;4;4;4;4;4;4;4;2;2;5;1;6;5;5;4;3;4;4;#N/A;#N/A;#N/A;#N/A;#N/A;#N/A
327;60;Homme;Travailleur;;;3;3;3;4;3;2;2;3;3;3;3;4;4;2;6;6;2;5;3;4;3;4;4;5;5;3;2;4;3;5;4;5;4;2;5;4;#N/A;#N/A;#N/A;#N/A;#N/A;#N/A
328;31;Femme;Travailleur;;;3;2;3;4;1;2;3;3;2;3;2;3;3;2;4;5;4;3;5;4;4;5;5;5;5;4;3;4;3;4;4;5;4;3;4;3;#N/A;#N/A;#N/A;#N/A;#N/A;#N/A
329;29;Femme;Travailleur;;;3;2;4;4;4;2;4;2;3;3;3;4;3;1;6;6;2;5;2;6;1;5;4;5;5;2;1;5;1;5;5;4;5;2;6;6;#N/A;#N/A;#N/A;#N/A;#N/A;#N/A
330;28;Femme;Travailleur;;;1;6;1;3;4;2;3;1;2;3;4;4;4;2;5;5;4;5;3;4;3;4;5;6;5;2;3;3;1;6;6;5;5;2;6;5;8;13;6;10;2;3
331;22;Femme;Etudiant;;;3;4;3;4;2;4;3;4;2;2;4;2;2;3;2;4;6;4;6;4;3;5;3;5;6;1;2;4;3;6;4;4;5;3;4;5;#N/A;#N/A;#N/A;#N/A;#N/A;#N/A
332;74;Femme;Sans emploi;;;4;3;4;4;3;3;3;1;4;3;3;3;1;3;4;4;3;4;4;5;4;4;1;4;5;3;6;3;4;2;3;4;4;3;4;2;#N/A;#N/A;#N/A;#N/A;#N/A;#N/A
333;24;Homme;Etudiant;;;5;3;4;5;4;4;4;4;4;3;3;3;3;3;3;4;6;5;5;6;3;4;5;5;4;2;4;5;4;4;6;5;4;5;6;4;#N/A;#N/A;#N/A;#N/A;#N/A;#N/A
334;33;Femme;Travailleur;;;4;3;4;4;2;3;1;4;4;2;2;2;4;4;4;3;4;3;5;3;6;3;4;5;3;4;3;4;4;5;2;2;1;3;4;2;15;25;11;18;4;7
336;48;Femme;Travailleur;;;3;4;1;4;1;1;4;1;3;3;2;4;3;3;6;6;1;6;1;6;2;5;4;6;6;3;1;4;1;4;4;5;6;1;4;4;15;25;7;12;8;13
337;25;Femme;Etudiant;;;3;4;3;4;2;3;1;3;3;1;3;2;3;3;2;4;5;4;6;3;5;6;2;4;5;3;3;3;2;5;3;2;4;3;5;3;#N/A;#N/A;#N/A;#N/A;#N/A;#N/A
338;25;Femme;Travailleur;;;4;3;4;4;3;3;3;4;3;3;3;3;3;2;5;5;3;4;3;5;3;3;3;4;4;3;2;4;3;4;5;5;4;4;2;3;#N/A;#N/A;#N/A;#N/A;#N/A;#N/A
339;28;Femme;Sans emploi;;;4;3;4;4;3;2;3;4;1;3;2;3;4;4;4;4;3;4;3;3;3;4;4;4;4;4;4;3;4;2;3;4;3;3;4;3;6;10;4;7;2;3
340;23;Femme;Etudiant;;;6;2;6;5;4;3;3;4;1;3;3;3;2;3;5;4;3;5;3;6;3;5;1;5;6;3;3;4;2;6;3;3;4;2;4;5;5;8;5;8;0;0
341;50;Femme;Travailleur;;;3;2;3;4;3;3;3;3;4;3;3;4;3;2;6;6;6;6;2;5;5;5;5;4;6;1;1;5;3;6;5;6;6;2;6;5;#N/A;#N/A;#N/A;#N/A;#N/A;#N/A
342;23;Femme;Etudiant;;;5;3;4;5;2;3;4;1;4;4;2;3;4;4;4;4;4;5;5;5;2;5;3;5;4;3;3;3;1;6;4;2;5;3;6;2;8;13;4;7;4;7
343;31;Homme;Travailleur;;;6;4;4;2;4;3;2;3;4;1;4;2;3;1;3;4;3;4;6;5;2;6;4;2;6;1;5;6;3;6;4;4;4;2;5;4;#N/A;#N/A;#N/A;#N/A;#N/A;#N/A
344;23;Femme;Etudiant;;;4;3;4;3;3;3;1;3;3;3;2;2;4;3;5;4;4;4;4;4;3;4;3;5;4;4;4;3;2;5;4;4;5;4;4;3;#N/A;#N/A;#N/A;#N/A;#N/A;#N/A
345;30;Femme;Travailleur;;;2;3;3;4;3;2;3;2;3;2;4;3;3;2;5;4;4;4;2;5;3;5;2;4;3;2;3;4;2;5;4;3;4;3;4;4;#N/A;#N/A;#N/A;#N/A;#N/A;#N/A
346;36;Femme;Travailleur;;;5;2;5;5;3;4;4;4;3;3;2;3;3;3;6;6;3;5;5;6;4;4;6;6;6;3;1;6;3;6;5;6;4;1;6;5;8;13;6;10;2;3
347;26;Femme;Etudiant;;;5;3;4;5;3;3;2;2;3;3;4;3;2;3;3;4;4;6;6;4;5;3;1;4;4;4;3;2;1;4;4;4;3;4;5;3;12;20;9;15;3;5
348;28;Femme;Travailleur;;;4;3;4;4;3;2;2;2;3;3;3;3;3;2;5;6;4;6;4;4;2;4;3;6;6;3;2;5;2;5;5;5;4;2;6;4;6;10;6;10;0;0
349;27;Femme;Travailleur;;;3;4;3;3;2;3;3;2;2;2;3;3;3;3;4;4;4;4;4;4;4;4;4;4;4;3;4;2;3;4;4;3;4;3;5;4;#N/A;#N/A;#N/A;#N/A;#N/A;#N/A
350;32;Homme;Travailleur;;;5;2;2;3;1;3;2;4;3;2;3;2;3;2;3;4;4;3;5;5;4;5;1;5;5;2;2;4;2;5;4;4;4;2;5;4;#N/A;#N/A;#N/A;#N/A;#N/A;#N/A
351;22;Femme;Etudiant;;;4;3;3;4;3;3;3;3;2;3;2;3;3;3;4;4;3;4;4;5;4;5;1;3;4;3;3;4;2;4;4;4;2;2;4;3;9;15;6;10;3;5
352;39;Femme;Travailleur;;;2;4;2;2;3;2;3;2;2;3;3;2;3;3;5;4;4;4;4;4;4;4;3;4;3;2;4;2;2;3;2;4;2;2;3;2;#N/A;#N/A;#N/A;#N/A;#N/A;#N/A
353;56;Femme;Travailleur;;;4;2;4;4;3;3;3;3;3;3;3;3;4;3;5;5;3;4;5;4;3;2;3;4;5;1;2;4;2;6;4;3;3;2;5;4;#N/A;#N/A;#N/A;#N/A;#N/A;#N/A
354;49;Femme;Travailleur;;;4;3;4;4;1;2;3;1;3;2;2;4;3;3;6;6;3;3;3;3;3;4;3;3;4;3;3;4;3;4;4;4;3;1;4;3;#N/A;#N/A;#N/A;#N/A;#N/A;#N/A
355;21;Autre;Etudiant;;;4;3;3;4;4;2;3;4;3;3;4;2;3;3;4;3;4;4;3;3;3;5;3;6;5;2;2;5;5;4;4;5;6;3;6;5;#N/A;#N/A;#N/A;#N/A;#N/A;#N/A
356;25;Femme;Travailleur;;;6;6;2;1;3;4;4;2;3;2;4;4;2;4;6;6;3;6;4;6;1;6;1;6;4;1;6;6;3;6;5;2;6;4;6;3;11;18;7;12;4;7
357;71;Femme;Travailleur;;;3;2;3;4;3;4;3;3;2;3;3;3;4;3;6;6;5;5;2;2;2;3;5;4;4;3;4;5;3;5;4;5;4;1;4;4;#N/A;#N/A;#N/A;#N/A;#N/A;#N/A
358;24;Femme;Travailleur;;;4;3;3;5;3;3;3;4;3;2;3;4;4;3;4;5;3;5;4;5;2;6;5;6;6;2;3;4;2;6;5;5;6;2;5;5;#N/A;#N/A;#N/A;#N/A;#N/A;#N/A
359;65;Homme;Sans emploi;;;3;3;3;4;3;2;3;3;3;3;3;4;3;1;4;4;1;4;3;4;4;2;4;2;4;1;1;5;2;5;5;5;3;1;6;5;#N/A;#N/A;#N/A;#N/A;#N/A;#N/A
361;69;Femme;Sans emploi;;;4;4;3;3;3;2;3;3;2;3;2;3;4;4;5;5;3;5;5;5;5;4;2;5;4;3;5;4;3;3;3;3;3;3;4;2;#N/A;#N/A;#N/A;#N/A;#N/A;#N/A
362;35;Femme;Travailleur;;;1;3;2;4;1;2;3;2;3;3;3;3;4;2;6;5;4;6;4;3;4;5;6;5;4;1;1;4;2;4;6;6;5;1;5;5;#N/A;#N/A;#N/A;#N/A;#N/A;#N/A
363;21;Femme;Etudiant;;;5;2;4;3;4;3;3;4;2;3;2;4;4;4;6;6;4;5;5;4;4;5;4;5;5;6;4;6;3;5;4;4;3;1;5;4;8;13;6;10;2;3
364;32;Femme;Travailleur;;;5;3;3;4;4;1;3;3;4;3;3;4;4;2;5;4;3;4;4;4;4;4;5;5;6;2;2;4;4;4;5;5;4;1;4;6;16;27;11;18;5;8
365;49;Femme;Travailleur;;;6;1;3;6;4;1;3;1;3;1;4;4;4;1;5;5;2;2;5;6;2;5;3;4;6;3;1;6;1;6;6;6;3;1;6;5;#N/A;#N/A;#N/A;#N/A;#N/A;#N/A
366;62;Femme;Travailleur;;;5;2;4;5;4;2;4;3;3;3;4;4;4;2;6;6;2;6;1;5;2;6;4;3;6;2;1;6;4;6;4;4;4;2;6;6;#N/A;#N/A;#N/A;#N/A;#N/A;#N/A
367;41;Femme;Travailleur;;;3;4;4;2;3;3;3;2;3;3;2;3;3;2;6;6;1;6;2;6;5;4;4;5;4;2;3;6;2;5;4;5;4;1;5;4;#N/A;#N/A;#N/A;#N/A;#N/A;#N/A
368;56;Femme;Travailleur;;;3;3;3;3;4;1;4;4;3;3;3;4;3;2;6;6;4;6;5;6;4;4;2;5;4;1;1;5;4;6;6;4;4;2;6;6;#N/A;#N/A;#N/A;#N/A;#N/A;#N/A
369;56;Femme;Travailleur;;;3;4;3;3;3;2;2;3;2;3;3;3;4;3;5;5;4;5;4;5;4;5;5;6;6;3;3;4;3;5;4;4;5;3;5;4;#N/A;#N/A;#N/A;#N/A;#N/A;#N/A
370;37;Homme;Travailleur;;;3;4;3;3;1;4;2;3;3;3;2;3;3;2;2;4;4;3;6;4;3;4;3;4;5;1;1;4;2;4;3;4;4;2;5;4;8;13;5;8;3;5
371;40;Femme;Travailleur;;;4;2;4;3;1;4;2;1;2;2;1;3;2;2;6;6;2;5;5;4;2;5;2;6;5;3;2;5;2;5;2;3;4;1;6;4;#N/A;#N/A;#N/A;#N/A;#N/A;#N/A
372;36;Homme;Travailleur;;;2;3;2;5;1;4;1;2;3;3;2;4;3;1;3;4;2;3;5;4;3;5;3;5;3;4;2;4;2;6;4;4;3;3;5;4;#N/A;#N/A;#N/A;#N/A;#N/A;#N/A
373;49;Femme;Travailleur;;;2;3;1;4;4;1;4;3;4;3;3;4;3;2;6;6;2;6;2;5;2;6;2;5;6;1;2;6;2;6;5;5;4;3;5;5;#N/A;#N/A;#N/A;#N/A;#N/A;#N/A
374;44;Homme;Travailleur;;;4;3;4;4;4;3;2;3;2;2;4;3;4;3;5;4;4;4;3;4;2;4;3;4;4;3;3;3;3;5;4;4;3;3;5;4;14;23;8;13;6;10
375;52;Homme;Travailleur;;;4;3;5;5;1;3;3;3;3;4;3;2;3;1;5;5;1;2;6;5;5;5;5;3;5;2;2;5;2;6;5;3;4;2;5;5;#N/A;#N/A;#N/A;#N/A;#N/A;#N/A
376;44;Homme;Travailleur;;;2;1;2;5;3;1;3;2;2;1;3;4;4;2;6;6;1;6;1;4;3;4;2;3;5;3;1;4;1;6;4;4;4;2;6;4;#N/A;#N/A;#N/A;#N/A;#N/A;#N/A
377;40;Femme;Travailleur;;;4;3;4;5;4;1;4;4;4;2;4;4;4;3;6;6;6;6;2;6;2;4;2;4;6;1;3;5;1;6;6;6;5;1;6;6;#N/A;#N/A;#N/A;#N/A;#N/A;#N/A
379;36;Femme;Travailleur;;;3;2;4;5;3;2;2;1;3;2;3;4;3;1;4;3;4;5;4;5;3;4;4;5;4;1;1;3;2;4;5;5;2;2;5;5;#N/A;#N/A;#N/A;#N/A;#N/A;#N/A
380;26;Femme;Travailleur;;;4;3;2;3;3;2;3;3;2;3;2;3;3;3;5;5;2;5;4;4;3;5;3;5;5;3;4;4;2;6;5;4;4;2;6;3;#N/A;#N/A;#N/A;#N/A;#N/A;#N/A
381;32;Homme;Travailleur;;;4;2;4;4;3;1;3;4;1;3;2;3;4;3;5;4;2;5;2;5;4;5;4;4;6;4;1;4;1;4;5;4;4;1;6;6;#N/A;#N/A;#N/A;#N/A;#N/A;#N/A
382;34;Homme;Travailleur;;;3;3;3;4;3;2;2;2;3;3;3;1;3;2;4;4;5;3;6;4;4;3;4;4;4;2;2;4;4;4;3;3;3;1;5;5;#N/A;#N/A;#N/A;#N/A;#N/A;#N/A
383;59;Femme;Travailleur;;;4;3;3;4;2;3;3;3;3;3;2;2;4;4;3;4;4;4;4;4;4;4;3;4;3;4;4;4;3;4;3;3;4;4;4;3;#N/A;#N/A;#N/A;#N/A;#N/A;#N/A
384;34;Homme;Travailleur;;;5;2;5;5;3;3;3;3;3;2;1;3;3;2;6;6;2;6;5;6;4;3;3;6;6;3;1;5;4;5;5;6;6;1;5;4;12;20;9;15;3;5
385;31;Femme;Travailleur;;;3;4;3;4;3;2;4;3;3;2;3;3;2;2;5;5;2;5;2;6;2;4;4;5;6;2;4;5;1;6;5;5;4;2;6;4;#N/A;#N/A;#N/A;#N/A;#N/A;#N/A
386;28;Homme;Sans emploi;;;2;3;4;4;2;4;2;4;1;2;1;3;4;4;5;5;3;6;4;4;3;5;1;6;6;5;3;6;2;6;3;4;3;6;6;2;7;12;5;8;2;3
387;67;Homme;Sans emploi;;;5;2;4;4;2;3;2;3;3;4;4;4;1;2;3;2;1;4;2;6;4;6;4;2;4;4;1;4;3;5;4;5;4;2;5;4;#N/A;#N/A;#N/A;#N/A;#N/A;#N/A
